ShareClass ISIN,isin,name,Constituent Country,Constituent Currency ISO Code,weight_percentage,Constituent Rating,Constituent Main Exchange Name,Constituent Industry Classification Name,ticker
IE00BL25JP72,US11135F1012,BROADCOM INC,Vereinigte Staaten von Amerika,USD,4.83912053,,NASDAQ National Market System,Informationstechnologie,
IE00BL25JP72,US67066G1040,NVIDIA CORP,Vereinigte Staaten von Amerika,USD,4.2802356,B1,NASDAQ National Market System,Informationstechnologie,
IE00BL25JP72,US5949181045,MICROSOFT CORP,Vereinigte Staaten von Amerika,USD,4.24159758,Aaa,NASDAQ National Market System,Informationstechnologie,
IE00BL25JP72,US69608A1088,PALANTIR TECHNOLOGIES INC,Vereinigte Staaten von Amerika,USD,3.97692121,,New York Stock Exchange,Informationstechnologie,
IE00BL25JP72,US46625H1005,JPMORGAN CHASE & CO,Vereinigte Staaten von Amerika,USD,3.89445819,A2,New York Stock Exchange,Finanzen,
IE00BL25JP72,US3696043013,GENERAL ELECTRIC CO,Vereinigte Staaten von Amerika,USD,1.85930612,,New York Stock Exchange,Industrieunternehmen,
IE00BL25JP72,US02079K3059,ALPHABET INC,Vereinigte Staaten von Amerika,USD,1.75413967,Aa2,NASDAQ National Market System,Kommunikationsdienste,
IE00BL25JP72,US36828A1016,GE VERNOVA INC,Vereinigte Staaten von Amerika,USD,1.6905979500000001,,New York Stock Exchange,Industrieunternehmen,
IE00BL25JP72,US68389X1054,ORACLE CORP,Vereinigte Staaten von Amerika,USD,1.48919374,A1,New York Stock Exchange,Informationstechnologie,
IE00BL25JP72,US02079K1079,ALPHABET INC,Vereinigte Staaten von Amerika,USD,1.46034847,,NASDAQ National Market System,Kommunikationsdienste,
IE00BL25JP72,US03831W1080,APPLOVIN CORP,Vereinigte Staaten von Amerika,USD,1.23731321,,NASDAQ National Market System,Informationstechnologie,
IE00BL25JP72,ES0113900J37,BANCO SANTANDER SA,Spanien,EUR,1.2328505,Baa1,Mercado Continuo Espana,Finanzen,
IE00BL25JP72,US38141G1040,GOLDMAN SACHS GROUP INC,Vereinigte Staaten von Amerika,USD,1.23272118,A3,New York Stock Exchange,Finanzen,
IE00BL25JP72,US75513E1010,RTX CORP,Vereinigte Staaten von Amerika,USD,1.20353744,,New York Stock Exchange,Industrieunternehmen,
IE00BL25JP72,US0320951017,AMPHENOL CORP CLASS A,Vereinigte Staaten von Amerika,USD,1.1809395699999998,,New York Stock Exchange,Informationstechnologie,
IE00BL25JP72,US0079031078,ADVANCED MICRO DEVICES INC,Vereinigte Staaten von Amerika,USD,1.09676163,,NASDAQ National Market System,Informationstechnologie,
IE00BL25JP72,US17275R1023,CISCO SYSTEMS INC,Vereinigte Staaten von Amerika,USD,1.06935322,A1,NASDAQ National Market System,Informationstechnologie,
IE00BL25JP72,US5951121038,MICRON TECHNOLOGY INC,Vereinigte Staaten von Amerika,USD,1.03695505,Ba3,NASDAQ National Market System,Informationstechnologie,
IE00BL25JP72,GB00B63H8491,ROLLS-ROYCE HOLDINGS PLC,GroÃbritannien (UK),GBP,1.0309981,A2,London Stock Exchange,Industrieunternehmen,
IE00BL25JP72,NL0010273215,ASML HOLDING NV,Niederlande,EUR,0.95208133,Baa2,Euronext Amsterdam,Informationstechnologie,
IE00BL25JP72,US7707001027,ROBINHOOD MARKETS INC,Vereinigte Staaten von Amerika,USD,0.91969342,,NASDAQ National Market System,Finanzen,
IE00BL25JP72,DE000ENER6Y0,SIEMENS ENERGY AG,Deutschland,EUR,0.8876733499999999,,,Industrieunternehmen,
IE00BL25JP72,US1491231015,CATERPILLAR INC,Vereinigte Staaten von Amerika,USD,0.87509069,A2,New York Stock Exchange,Industrieunternehmen,
IE00BL25JP72,JP3435000009,SONY GROUP CORP,Japan,JPY,0.85558946,Ba1,Tokyo Stock Exchange,Nicht-BasiskonsumgÃ¼ter,
IE00BL25JP72,DE0007030009,RHEINMETALL AG,Deutschland,EUR,0.83936414,Ba1,XETRA,Industrieunternehmen,
IE00BL25JP72,US6174464486,MORGAN STANLEY,Vereinigte Staaten von Amerika,USD,0.8369630899999999,Baa1,New York Stock Exchange,Finanzen,
IE00BL25JP72,ES0113211835,BANCO BILBAO VIZCAYA ARGENTARIA SA,Spanien,EUR,0.828988,Baa2,Mercado Continuo Espana,Finanzen,
IE00BL25JP72,ES0144580Y14,IBERDROLA SA,Spanien,EUR,0.78541552,Baa1,Mercado Continuo Espana,Versorgungsunternehmen,
IE00BL25JP72,US3755581036,GILEAD SCIENCES INC,Vereinigte Staaten von Amerika,USD,0.74031826,Baa1,NASDAQ National Market System,Gesundheitswesen,
IE00BL25JP72,US5128073062,LAM RESEARCH CORP,Vereinigte Staaten von Amerika,USD,0.7264227600000001,,NASDAQ National Market System,Informationstechnologie,
IE00BL25JP72,GB0002875804,BRITISH AMERICAN TOBACCO,GroÃbritannien (UK),GBP,0.7202058,A3,London Stock Exchange,BasiskonsumgÃ¼ter,
IE00BL25JP72,CA8911605092,TORONTO DOMINION,Kanada,CAD,0.6942989,Aa1,Toronto Stock Exchange,Finanzen,
IE00BL25JP72,US4592001014,INTERNATIONAL BUSINESS MACHINES CORP,Vereinigte Staaten von Amerika,USD,0.6512063600000001,Aa3,New York Stock Exchange,Informationstechnologie,
IE00BL25JP72,IT0005239360,UNICREDIT,Italien,EUR,0.64970005,,Milan Stock Exchange,Finanzen,
IE00BL25JP72,US95040Q1040,WELLTOWER INC,Vereinigte Staaten von Amerika,USD,0.62546068,,New York Stock Exchange,Immobilien,
IE00BL25JP72,GB0005405286,HSBC HOLDINGS PLC,GroÃbritannien (UK),GBP,0.6105648499999999,Aa3,London Stock Exchange,Finanzen,
IE00BL25JP72,US4432011082,HOWMET AEROSPACE INC,Vereinigte Staaten von Amerika,USD,0.6082795999999999,,New York Stock Exchange,Industrieunternehmen,
IE00BL25JP72,JP3900000005,MITSUBISHI HEAVY INDUSTRIES LTD,Japan,JPY,0.5759033,Baa1,Tokyo Stock Exchange,Industrieunternehmen,
IE00BL25JP72,US22788C1053,CROWDSTRIKE HOLDINGS INC,Vereinigte Staaten von Amerika,USD,0.5622862799999999,,NASDAQ National Market System,Informationstechnologie,
IE00BL25JP72,CA0084741085,AGNICO EAGLE MINES LTD,Kanada,CAD,0.55449076,B1,Toronto Stock Exchange,Material,
IE00BL25JP72,FR0000073272,SAFRAN SA,Frankreich,EUR,0.5512114,,Euronext Paris,Industrieunternehmen,
IE00BL25JP72,JP3436100006,SOFTBANK GROUP CORP,Japan,JPY,0.53965027,Ba1,Tokyo Stock Exchange,Kommunikationsdienste,
IE00BL25JP72,CA7800871021,ROYAL BANK OF CANADA,Kanada,CAD,0.53913415,Aa3,Toronto Stock Exchange,Finanzen,
IE00BL25JP72,US58155Q1031,MCKESSON CORP,Vereinigte Staaten von Amerika,USD,0.53292865,Baa2,New York Stock Exchange,Gesundheitswesen,
IE00BL25JP72,JP3756600007,NINTENDO LTD,Japan,JPY,0.52657577,,Tokyo Stock Exchange,Kommunikationsdienste,
IE00BL25JP72,DE0005140008,DEUTSCHE BANK AG,Deutschland,EUR,0.5109456600000001,,XETRA,Finanzen,
IE00BL25JP72,US1729674242,CITIGROUP INC,Vereinigte Staaten von Amerika,USD,0.5100941,Baa2,New York Stock Exchange,Finanzen,
IE00BL25JP72,LU1778762911,SPOTIFY TECHNOLOGY SA,Luxemburg,USD,0.5011434,,New York Stock Exchange,Kommunikationsdienste,
IE00BL25JP72,IT0000072618,INTESA SANPAOLO,Italien,EUR,0.493857,Baa2,Milan Stock Exchange,Finanzen,
IE00BL25JP72,CA82509L1076,SHOPIFY INC,Kanada,CAD,0.49032813000000003,,New York Stock Exchange,Informationstechnologie,
IE00BL25JP72,GB0031348658,BARCLAYS PLC,GroÃbritannien (UK),GBP,0.48001320999999997,A3,London Stock Exchange,Finanzen,
IE00BL25JP72,SG1L01001701,DBS GROUP HOLDINGS LTD,Singapur,SGD,0.46728867,,,Finanzen,
IE00BL25JP72,JP3122400009,ADVANTEST CORP,Japan,JPY,0.46328159,,Tokyo Stock Exchange,Informationstechnologie,
IE00BL25JP72,CA1360691010,CANADIAN IMPERIAL BANK OF COMMERCE,Kanada,CAD,0.44670187000000006,Aa3,Toronto Stock Exchange,Finanzen,
IE00BL25JP72,US0640581007,BANK OF NEW YORK MELLON CORP,Vereinigte Staaten von Amerika,USD,0.44621191,Aa3,New York Stock Exchange,Finanzen,
IE00BL25JP72,FR0000130809,SOCIETE GENERALE SA,Frankreich,EUR,0.44190078000000005,A2,Euronext Paris,Finanzen,
IE00BL25JP72,US4824801009,KLA CORP,Vereinigte Staaten von Amerika,USD,0.43907262,Baa1,NASDAQ National Market System,Informationstechnologie,
IE00BL25JP72,US4581401001,INTEL CORP,Vereinigte Staaten von Amerika,USD,0.43614860000000005,A1,NASDAQ National Market System,Informationstechnologie,
IE00BL25JP72,GB0008706128,LLOYDS BANKING GROUP PLC,GroÃbritannien (UK),GBP,0.43162424,A2,London Stock Exchange,Finanzen,
IE00BL25JP72,US6516391066,NEWMONT CORPORATION,Vereinigte Staaten von Amerika,USD,0.41990696,Baa2,New York Stock Exchange,Material,
IE00BL25JP72,US9581021055,WESTERN DIGITAL CORP,Vereinigte Staaten von Amerika,USD,0.40992255000000005,,NASDAQ National Market System,Informationstechnologie,
IE00BL25JP72,IE00BKVD2N49,SEAGATE TECHNOLOGY HOLDINGS PLC,Singapur,USD,0.40773203999999996,,NASDAQ National Market System,Informationstechnologie,
IE00BL25JP72,US2193501051,CORNING INC,Vereinigte Staaten von Amerika,USD,0.40391349,,New York Stock Exchange,Informationstechnologie,
IE00BL25JP72,IE00BY7QL619,JOHNSON CONTROLS INTERNATIONAL PLC,Irland,USD,0.39302327000000004,,New York Stock Exchange,Industrieunternehmen,
IE00BL25JP72,NL0000235190,AIRBUS,Frankreich,EUR,0.37643325,A2,Euronext Paris,Industrieunternehmen,
IE00BL25JP72,GB0002634946,BAE SYSTEMS PLC,GroÃbritannien (UK),GBP,0.37521813,Baa2,London Stock Exchange,Industrieunternehmen,
IE00BL25JP72,CA11271J1075,BROOKFIELD CORP CLASS A,Kanada,CAD,0.34895018,,,Finanzen,
IE00BL25JP72,GB00BM8PJY71,NATWEST GROUP PLC,GroÃbritannien (UK),GBP,0.34845692,,,Finanzen,
IE00BL25JP72,JP3733000008,NEC CORP,Japan,JPY,0.3449002,Baa2,Tokyo Stock Exchange,Informationstechnologie,
IE00BL25JP72,IE000IVNQZ81,TE CONNECTIVITY PLC,Irland,USD,0.34433705,,New York Stock Exchange,Informationstechnologie,
IE00BL25JP72,US7710491033,ROBLOX CORP,Vereinigte Staaten von Amerika,USD,0.34349705,,New York Stock Exchange,Kommunikationsdienste,
IE00BL25JP72,CA15101Q2071,CELESTICA INC,Kanada,CAD,0.33453987,,,Informationstechnologie,
IE00BL25JP72,HK0000069689,AIA GROUP LTD,Hong Kong,HKD,0.33131002,,,Finanzen,
IE00BL25JP72,US0404132054,ARISTA NETWORKS INC,Vereinigte Staaten von Amerika,USD,0.32727409,,New York Stock Exchange,Informationstechnologie,
IE00BL25JP72,US14149Y1082,CARDINAL HEALTH INC,Vereinigte Staaten von Amerika,USD,0.32128872999999997,,New York Stock Exchange,Gesundheitswesen,
IE00BL25JP72,US03073E1055,CENCORA INC,Vereinigte Staaten von Amerika,USD,0.31932890999999997,,New York Stock Exchange,Gesundheitswesen,
IE00BL25JP72,US25809K1051,DOORDASH INC,Vereinigte Staaten von Amerika,USD,0.31773422,,New York Stock Exchange,Nicht-BasiskonsumgÃ¼ter,
IE00BL25JP72,US18915M1071,CLOUDFLARE INC,Vereinigte Staaten von Amerika,USD,0.31434792,,New York Stock Exchange,Informationstechnologie,
IE00BL25JP72,NL0013654783,PROSUS NV,Niederlande,EUR,0.3126683,,Euronext Amsterdam,Nicht-BasiskonsumgÃ¼ter,
IE00BL25JP72,LR0008862868,ROYAL CARIBBEAN CRUISES LTD,Vereinigte Staaten von Amerika,USD,0.31060369,Ba1,New York Stock Exchange,Nicht-BasiskonsumgÃ¼ter,
IE00BL25JP72,IE00BK9ZQ967,TRANE TECHNOLOGIES PLC,Vereinigte Staaten von Amerika,USD,0.30609516999999997,,New York Stock Exchange,Industrieunternehmen,
IE00BL25JP72,JP3788600009,HITACHI LTD,Japan,JPY,0.30596637,A3,Tokyo Stock Exchange,Industrieunternehmen,
IE00BL25JP72,DE0006047004,HEIDELBERG MATERIALS AG,Deutschland,EUR,0.29126706999999996,Ba1,XETRA,Material,
IE00BL25JP72,CA9628791027,WHEATON PRECIOUS METALS CORP,Brasilien,CAD,0.2898672,,Toronto Stock Exchange,Material,
IE00BL25JP72,NL0011821202,ING GROEP NV,Niederlande,EUR,0.28721068,,Euronext Amsterdam,Finanzen,
IE00BL25JP72,JP3388200002,AEON LTD,Japan,JPY,0.2847306,Baa1,Tokyo Stock Exchange,BasiskonsumgÃ¼ter,
IE00BL25JP72,ES0140609019,CAIXABANK SA,Spanien,EUR,0.282144,Baa3,Mercado Continuo Espana,Finanzen,
IE00BL25JP72,GB0004082847,STANDARD CHARTERED PLC,GroÃbritannien (UK),GBP,0.27658916,A2,London Stock Exchange,Finanzen,
IE00BL25JP72,US92840M1027,VISTRA CORP,Vereinigte Staaten von Amerika,USD,0.2716277,,New York Stock Exchange,Versorgungsunternehmen,
IE00BL25JP72,CH0012214059,HOLCIM LTD AG,Schweiz,CHF,0.26788699,Baa2,Scoach Switzerland,Material,
IE00BL25JP72,JP3811000003,FUJIKURA LTD,Japan,JPY,0.26406506999999996,,Tokyo Stock Exchange,Industrieunternehmen,
IE00BL25JP72,US74762E1029,QUANTA SERVICES INC,Vereinigte Staaten von Amerika,USD,0.263544,,New York Stock Exchange,Industrieunternehmen,
IE00BL25JP72,CH0012221716,ABB LTD,Schweiz,CHF,0.25911021,A2,Scoach Switzerland,Industrieunternehmen,
IE00BL25JP72,IL0006046119,BANK LEUMI LE ISRAEL BM,Israel,ILS,0.25251688,,,Finanzen,
IE00BL25JP72,US8740541094,TAKE-TWO INTERACTIVE SOFTWARE INC,Vereinigte Staaten von Amerika,USD,0.25064901,,NASDAQ National Market System,Kommunikationsdienste,
IE00BL25JP72,CH0126881561,SWISS RE AG,Schweiz,CHF,0.24944659,,Scoach Switzerland,Finanzen,
IE00BL25JP72,US9344231041,WARNER BROS DISCOVERY INC,Vereinigte Staaten von Amerika,USD,0.24897572,,NASDAQ National Market System,Kommunikationsdienste,
IE00BL25JP72,JP3902400005,MITSUBISHI ELECTRIC CORP,Japan,JPY,0.24895681999999997,A1,Tokyo Stock Exchange,Industrieunternehmen,
IE00BL25JP72,CA4969024047,KINROSS GOLD CORP,Kanada,CAD,0.24785578,Baa3,Toronto Stock Exchange,Material,
IE00BL25JP72,US02043Q1076,ALNYLAM PHARMACEUTICALS INC,Vereinigte Staaten von Amerika,USD,0.24507009,,NASDAQ National Market System,Gesundheitswesen,
IE00BL25JP72,US0255371017,AMERICAN ELECTRIC POWER COMPANY INC,Vereinigte Staaten von Amerika,USD,0.23772614,Baa2,New York Stock Exchange,Versorgungsunternehmen,
IE00BL25JP72,CA0641491075,BANK OF NOVA SCOTIA,Kanada,CAD,0.23502495,Aa2,Toronto Stock Exchange,Finanzen,
IE00BL25JP72,JP3885780001,MIZUHO FINANCIAL GROUP INC,Japan,JPY,0.23478002999999997,A2,Tokyo Stock Exchange,Finanzen,
IE00BL25JP72,FR0000121667,ESSILORLUXOTTICA SA,Frankreich,EUR,0.23255757000000002,A2,Euronext Paris,Gesundheitswesen,
IE00BL25JP72,CA25675T1075,DOLLARAMA INC,Kanada,CAD,0.23234420000000003,,Toronto Stock Exchange,Nicht-BasiskonsumgÃ¼ter,
IE00BL25JP72,CA0636711016,BANK OF MONTREAL,Kanada,CAD,0.23046778,Aa3,Toronto Stock Exchange,Finanzen,
IE00BL25JP72,DE000CBK1001,COMMERZBANK AG,Deutschland,EUR,0.22703958,Baa1,XETRA,Finanzen,
IE00BL25JP72,US81141R1005,SEA LTD,Singapur,USD,0.22530546,,New York Stock Exchange,Kommunikationsdienste,
IE00BL25JP72,AT0000652011,ERSTE GROUP BANK AG,Ãsterreich,EUR,0.22383326999999997,Baa1,Vienna Stock Exchange,Finanzen,
IE00BL25JP72,IL0006625771,BANK HAPOALIM BM,Israel,ILS,0.22310674,,,Finanzen,
IE00BL25JP72,CA06849F1080,BARRICK MINING CORP,Kanada,CAD,0.21601539,,,Material,
IE00BL25JP72,DE000ENAG999,E ON SE,Deutschland,EUR,0.21497594,A3,XETRA,Versorgungsunternehmen,
IE00BL25JP72,JP3407400005,SUMITOMO ELECTRIC INDUSTRIES LTD,Japan,JPY,0.2142162,A1,Tokyo Stock Exchange,Nicht-BasiskonsumgÃ¼ter,
IE00BL25JP72,US05464C1018,AXON ENTERPRISE INC,Vereinigte Staaten von Amerika,USD,0.21260556000000003,,NASDAQ National Market System,Industrieunternehmen,
IE00BL25JP72,HK0388045442,HONG KONG EXCHANGES AND CLEARING L,Hong Kong,HKD,0.2098639,,,Finanzen,
IE00BL25JP72,CA13321L1085,CAMECO CORP,Kanada,CAD,0.20845383,,Toronto Stock Exchange,Energie,
IE00BL25JP72,US29364G1031,ENTERGY CORP,Vereinigte Staaten von Amerika,USD,0.20663162,,New York Stock Exchange,Versorgungsunternehmen,
IE00BL25JP72,JP3818000006,FUJITSU LTD,Japan,JPY,0.2058837,Baa1,Tokyo Stock Exchange,Informationstechnologie,
IE00BL25JP72,CH1335392721,GALDERMA GROUP AG,Schweiz,CHF,0.2052483,,,Gesundheitswesen,
IE00BL25JP72,US8334451098,SNOWFLAKE INC,Vereinigte Staaten von Amerika,USD,0.20226520999999997,,New York Stock Exchange,Informationstechnologie,
IE00BL25JP72,US7731211089,ROCKET LAB USA INC,Vereinigte Staaten von Amerika,USD,0.19780422999999997,,NASDAQ National Market System,Industrieunternehmen,
IE00BL25JP72,US6293775085,NRG ENERGY INC,Vereinigte Staaten von Amerika,USD,0.19569539,B1,New York Stock Exchange,Versorgungsunternehmen,
IE00BL25JP72,CA3039011026,FAIRFAX FINANCIAL HOLDINGS SUB VOT,Kanada,CAD,0.19545418,Baa3,Toronto Stock Exchange,Finanzen,
IE00BL25JP72,IT0003856405,LEONARDO,Italien,EUR,0.19542475999999998,Ba1,Milan Stock Exchange,Industrieunternehmen,
IE00BL25JP72,CA7392391016,POWER CORPORATION OF CANADA,Kanada,CAD,0.18939944,A2,Toronto Stock Exchange,Finanzen,
IE00BL25JP72,JP3134800006,IHI CORP,Japan,JPY,0.18890499,,Tokyo Stock Exchange,Industrieunternehmen,
IE00BL25JP72,US2786421030,EBAY INC,Vereinigte Staaten von Amerika,USD,0.18771736,A2,NASDAQ National Market System,Nicht-BasiskonsumgÃ¼ter,
IE00BL25JP72,GB00B1YW4409,3I GROUP PLC,GroÃbritannien (UK),GBP,0.18716496999999999,Baa2,London Stock Exchange,Finanzen,
IE00BL25JP72,CA3518581051,FRANCO NEVADA CORP,Kanada,CAD,0.18584833,,Toronto Stock Exchange,Material,
IE00BL25JP72,JP3571400005,TOKYO ELECTRON LTD,Japan,JPY,0.18569179,,Tokyo Stock Exchange,Informationstechnologie,
IE00BL25JP72,FR0010307819,LEGRAND SA,Frankreich,EUR,0.17975555,A3,Euronext Paris,Industrieunternehmen,
IE00BL25JP72,GB00BLGZ9862,TESCO PLC,GroÃbritannien (UK),GBP,0.17840658,,,BasiskonsumgÃ¼ter,
IE00BL25JP72,US5024311095,L3HARRIS TECHNOLOGIES INC,Vereinigte Staaten von Amerika,USD,0.1771769,,New York Stock Exchange,Industrieunternehmen,
IE00BL25JP72,NL0015001FS8,FERROVIAL,Niederlande,EUR,0.17717606,,,Industrieunternehmen,
IE00BL25JP72,US45841N1072,INTERACTIVE BROKERS GROUP INC,Vereinigte Staaten von Amerika,USD,0.17449327,,NASDAQ National Market System,Finanzen,
IE00BL25JP72,IT0000062072,GENERALI,Italien,EUR,0.16884665,Baa2,Milan Stock Exchange,Finanzen,
IE00BL25JP72,FR0000133308,ORANGE SA,Frankreich,EUR,0.16877461,Baa1,Euronext Paris,Kommunikationsdienste,
IE00BL25JP72,JP3898400001,MITSUBISHI CORP,Japan,JPY,0.16780136,A1,Tokyo Stock Exchange,Industrieunternehmen,
IE00BL25JP72,US2310211063,CUMMINS INC,Vereinigte Staaten von Amerika,USD,0.16649933,,New York Stock Exchange,Industrieunternehmen,
IE00BL25JP72,FR0000121329,THALES SA,Frankreich,EUR,0.16444216,A2,Euronext Paris,Industrieunternehmen,
IE00BL25JP72,FR0010208488,ENGIE SA,Frankreich,EUR,0.16234853,A1,Euronext Paris,Versorgungsunternehmen,
IE00BL25JP72,US37045V1008,GENERAL MOTORS CO,Vereinigte Staaten von Amerika,USD,0.15939966,Aaa,New York Stock Exchange,Nicht-BasiskonsumgÃ¼ter,
IE00BL25JP72,US8760301072,TAPESTRY INC,Vereinigte Staaten von Amerika,USD,0.15834834,,New York Stock Exchange,Nicht-BasiskonsumgÃ¼ter,
IE00BL25JP72,US1717793095,CIENA CORP,Vereinigte Staaten von Amerika,USD,0.1574943,B2,New York Stock Exchange,Informationstechnologie,
IE00BL25JP72,US83406F1021,SOFI TECHNOLOGIES INC,Vereinigte Staaten von Amerika,USD,0.15735209,,NASDAQ National Market System,Finanzen,
IE00BL25JP72,CH0014852781,SWISS LIFE HOLDING AG,Schweiz,CHF,0.15601484000000002,,Scoach Switzerland,Finanzen,
IE00BL25JP72,US12504L1098,CBRE GROUP INC,Vereinigte Staaten von Amerika,USD,0.15588781999999998,,New York Stock Exchange,Immobilien,
IE00BL25JP72,BE0003565737,KBC GROEP NV,Belgien,EUR,0.15519729000000002,A3,Euronext Brussels,Finanzen,
IE00BL25JP72,SG1T75931496,SINGAPORE TELECOMMUNICATIONS LTD,Singapur,SGD,0.15203334,,,Kommunikationsdienste,
IE00BL25JP72,SE0021921269,SAAB AB,Schweden,SEK,0.15027183,,,Industrieunternehmen,
IE00BL25JP72,US92537N1081,VERTIV HOLDINGS CO,Vereinigte Staaten von Amerika,USD,0.14717303,,New York Stock Exchange,Industrieunternehmen,
IE00BL25JP72,GB0007099541,PRUDENTIAL PLC,Hong Kong,GBP,0.14674295,A2,London Stock Exchange,Finanzen,
IE00BL25JP72,JP3165000005,SOMPO HOLDINGS INC,Japan,JPY,0.14354245,,Tokyo Stock Exchange,Finanzen,
IE00BL25JP72,FI4000297767,NORDEA BANK,Finnland,EUR,0.14129945,,Helsinki Stock Exchange,Finanzen,
IE00BL25JP72,US75734B1008,REDDIT INC,Vereinigte Staaten von Amerika,USD,0.13780007,,New York Stock Exchange,Kommunikationsdienste,
IE00BL25JP72,GB00BPQY8M80,AVIVA PLC,GroÃbritannien (UK),GBP,0.1366748,,,Finanzen,
IE00BL25JP72,ES0167050915,ACS ACTIVIDADES DE CONSTRUCCION Y,Spanien,EUR,0.13659857,,Mercado Continuo Espana,Industrieunternehmen,
IE00BL25JP72,US1999081045,COMFORT SYSTEMS USA INC,Vereinigte Staaten von Amerika,USD,0.13381957,,New York Stock Exchange,Industrieunternehmen,
IE00BL25JP72,US45168D1046,IDEXX LABORATORIES INC,Vereinigte Staaten von Amerika,USD,0.12611601,,NASDAQ National Market System,Gesundheitswesen,
IE00BL25JP72,US26884L1098,EQT CORP,Vereinigte Staaten von Amerika,USD,0.1239865,Baa3,New York Stock Exchange,Energie,
IE00BL25JP72,US4576693075,INSMED INC,Vereinigte Staaten von Amerika,USD,0.12316972,,NASDAQ National Market System,Gesundheitswesen,
IE00BL25JP72,_CURRENCYUSD,US DOLLAR,Vereinigte Staaten von Amerika,USD,0.12288705999999999,,,unbekannt,
IE00BL25JP72,IE00BYTBXV33,RYANAIR HOLDINGS PLC,Irland,EUR,0.12277152,,Irish Stock Exchange,Industrieunternehmen,
IE00BL25JP72,US29084Q1004,EMCOR GROUP INC,Vereinigte Staaten von Amerika,USD,0.1223649,,New York Stock Exchange,Industrieunternehmen,
IE00BL25JP72,DE0005785604,FRESENIUS SE AND CO KGAA,Deutschland,EUR,0.12117404,Ba1,XETRA,Gesundheitswesen,
IE00BL25JP72,IT0005218380,BANCO BPM,Italien,EUR,0.11728189,,Milan Stock Exchange,Finanzen,
IE00BL25JP72,ES0113860A34,BANCO DE SABADELL SA,Spanien,EUR,0.1170477,,Mercado Continuo Espana,Finanzen,
IE00BL25JP72,CH0466642201,HELVETIA HOLDING AG,Schweiz,CHF,0.11503321,,Scoach Switzerland,Finanzen,
IE00BL25JP72,KYG254571055,CREDO TECHNOLOGY GROUP HOLDING LTD,Kaiman Inseln,USD,0.11488335999999999,,NASDAQ National Market System,Informationstechnologie,
IE00BL25JP72,IE00BF0L3536,AIB GROUP PLC,Irland,EUR,0.11352245,,,Finanzen,
IE00BL25JP72,JP3877600001,MARUBENI CORP,Japan,JPY,0.11321965,Baa2,Tokyo Stock Exchange,Industrieunternehmen,
IE00BL25JP72,US0495601058,ATMOS ENERGY CORP,Vereinigte Staaten von Amerika,USD,0.11306168,Baa1,New York Stock Exchange,Versorgungsunternehmen,
IE00BL25JP72,IL0011334468,CYBERARK SOFTWARE LTD,Israel,USD,0.11258099,,NASDAQ National Market System,Informationstechnologie,
IE00BL25JP72,HK2388011192,BOC HONG KONG HOLDINGS LTD,China,HKD,0.11254172,,,Finanzen,
IE00BL25JP72,IL0010811243,ELBIT SYSTEMS LTD,Israel,ILS,0.11250057,,,Industrieunternehmen,
IE00BL25JP72,AU000000BXB1,BRAMBLES LTD,Australien,AUD,0.11175842999999999,Baa1,Australian Stock Exchange,Industrieunternehmen,
IE00BL25JP72,CA6330671034,NATIONAL BANK OF CANADA,Kanada,CAD,0.10864365000000001,,Toronto Stock Exchange,Finanzen,
IE00BL25JP72,JP3837800006,HOYA CORP,Japan,JPY,0.10744406000000001,,Tokyo Stock Exchange,Gesundheitswesen,
IE00BL25JP72,GB0032089863,NEXT PLC,GroÃbritannien (UK),GBP,0.10723868,Baa2,London Stock Exchange,Nicht-BasiskonsumgÃ¼ter,
IE00BL25JP72,JP3210200006,KAJIMA CORP,Japan,JPY,0.10628173,,Tokyo Stock Exchange,Industrieunternehmen,
IE00BL25JP72,NL0000687663,AERCAP HOLDINGS NV,Irland,USD,0.10541738999999999,,New York Stock Exchange,Industrieunternehmen,
IE00BL25JP72,US2855121099,ELECTRONIC ARTS INC,Vereinigte Staaten von Amerika,USD,0.10387645,,NASDAQ National Market System,Kommunikationsdienste,
IE00BL25JP72,US0937121079,BLOOM ENERGY CORP,Vereinigte Staaten von Amerika,USD,0.10337801,,New York Stock Exchange,Industrieunternehmen,
IE00BL25JP72,US4663131039,JABIL INC,Vereinigte Staaten von Amerika,USD,0.10252789,Ba1,New York Stock Exchange,Informationstechnologie,
IE00BL25JP72,US5705351048,MARKEL GROUP INC,Vereinigte Staaten von Amerika,USD,0.10243405,Baa2,New York Stock Exchange,Finanzen,
IE00BL25JP72,NL0011540547,ABN AMRO BANK NV,Niederlande,EUR,0.10203976,,Euronext Amsterdam,Finanzen,
IE00BL25JP72,JP3300200007,KONAMI GROUP CORP,Japan,JPY,0.10157849999999999,,Tokyo Stock Exchange,Kommunikationsdienste,
IE00BL25JP72,US8807701029,TERADYNE INC,Vereinigte Staaten von Amerika,USD,0.10121233,,NASDAQ National Market System,Informationstechnologie,
IE00BL25JP72,US7739031091,ROCKWELL AUTOMATION INC,Vereinigte Staaten von Amerika,USD,0.1009637,A3,New York Stock Exchange,Industrieunternehmen,
IE00BL25JP72,JP3726800000,JAPAN TOBACCO INC,Japan,JPY,0.10057914,Aa3,Tokyo Stock Exchange,BasiskonsumgÃ¼ter,
IE00BL25JP72,NL0010773842,NN GROUP NV,Niederlande,EUR,0.09944286999999999,,Euronext Amsterdam,Finanzen,
IE00BL25JP72,US04626A1034,ASTERA LABS INC,Vereinigte Staaten von Amerika,USD,0.09750835000000001,,NASDAQ National Market System,Informationstechnologie,
IE00BL25JP72,IT0000066123,BPER BANCA,Italien,EUR,0.09704535,Ba2,Milan Stock Exchange,Finanzen,
IE00BL25JP72,JP3778630008,BANDAI NAMCO HOLDINGS INC,Japan,JPY,0.0924447,,Tokyo Stock Exchange,Nicht-BasiskonsumgÃ¼ter,
IE00BL25JP72,DE000A0D9PT0,MTU AERO ENGINES AG,Deutschland,EUR,0.0913406,Baa3,XETRA,Industrieunternehmen,
IE00BL25JP72,AU000000EVN4,EVOLUTION MINING LTD,Australien,AUD,0.09099905,,Australian Stock Exchange,Material,
IE00BL25JP72,SG1F60858221,SINGAPORE TECHNOLOGIES ENGINEERING,Singapur,SGD,0.08963612,,,Industrieunternehmen,
IE00BL25JP72,JP3119600009,AJINOMOTO INC,Japan,JPY,0.08959199,Aa3,Tokyo Stock Exchange,BasiskonsumgÃ¼ter,
IE00BL25JP72,US35137L1052,FOX CORP CLASS A,Vereinigte Staaten von Amerika,USD,0.08773927,,NASDAQ National Market System,Kommunikationsdienste,
IE00BL25JP72,JP3443600006,TAISEI CORP,Japan,JPY,0.08689915,,Tokyo Stock Exchange,Industrieunternehmen,
IE00BL25JP72,US2567461080,DOLLAR TREE INC,Vereinigte Staaten von Amerika,USD,0.08677433,,NASDAQ National Market System,BasiskonsumgÃ¼ter,
IE00BL25JP72,FI4000552500,SAMPO CLASS A,Finnland,EUR,0.08605261,,,Finanzen,
IE00BL25JP72,US65473P1057,NISOURCE INC,Vereinigte Staaten von Amerika,USD,0.08549385999999999,Baa3,New York Stock Exchange,Versorgungsunternehmen,
IE00BL25JP72,IT0003796171,POSTE ITALIANE,Italien,EUR,0.08457081,,Milan Stock Exchange,Finanzen,
IE00BL25JP72,US50212V1008,LPL FINANCIAL HOLDINGS INC,Vereinigte Staaten von Amerika,USD,0.08406911,,NASDAQ National Market System,Finanzen,
IE00BL25JP72,IT0004176001,PRYSMIAN,Italien,EUR,0.08246548000000001,,Milan Stock Exchange,Industrieunternehmen,
IE00BL25JP72,JP3634600005,TOYOTA INDUSTRIES CORP,Japan,JPY,0.08242282000000001,Aa3,Tokyo Stock Exchange,Industrieunternehmen,
IE00BL25JP72,SG1J26887955,SINGAPORE EXCHANGE LTD,Singapur,SGD,0.08227142,,,Finanzen,
IE00BL25JP72,JP3404600003,SUMITOMO CORP,Japan,JPY,0.08190792,A2,Tokyo Stock Exchange,Industrieunternehmen,
IE00BL25JP72,US4228062083,HEICO CORP,Vereinigte Staaten von Amerika,USD,0.08129386,,New York Stock Exchange,Industrieunternehmen,
IE00BL25JP72,SE0000667891,SANDVIK AB,Schweden,SEK,0.08071805,Baa2,Stockholm Stock Exchange,Industrieunternehmen,
IE00BL25JP72,AU0000030678,COLES GROUP LTD,Australien,AUD,0.0798929,,Australian Stock Exchange,BasiskonsumgÃ¼ter,
IE00BL25JP72,IL0007670123,PHOENIX FINANCIAL LTD,Israel,ILS,0.07961939999999999,,,Finanzen,
IE00BL25JP72,CA0115321089,ALAMOS GOLD INC CLASS A,Kanada,CAD,0.07945354,,Toronto Stock Exchange,Material,
IE00BL25JP72,FI0009003727,WARTSILA OYJ ABP,Finnland,EUR,0.07876968,,Helsinki Stock Exchange,Industrieunternehmen,
IE00BL25JP72,CA5503711080,LUNDIN GOLD INC,Kanada,CAD,0.07776584,,,Material,
IE00BL25JP72,JP3914400001,MURATA MANUFACTURING CO LTD,Japan,JPY,0.07755659,,Tokyo Stock Exchange,Informationstechnologie,
IE00BL25JP72,CH1243598427,SANDOZ GROUP AG,Schweiz,CHF,0.07746444999999999,,,Gesundheitswesen,
IE00BL25JP72,JP3538800008,TDK CORP,Japan,JPY,0.07712440000000001,A3,Tokyo Stock Exchange,Informationstechnologie,
IE00BL25JP72,JP3635000007,TOYOTA TSUSHO CORP,Japan,JPY,0.07685101,A2,Tokyo Stock Exchange,Industrieunternehmen,
IE00BL25JP72,ES0130670112,ENDESA SA,Spanien,EUR,0.07589821,Baa2,Mercado Continuo Espana,Versorgungsunternehmen,
IE00BL25JP72,JP3436120004,SBI HOLDINGS INC,Japan,JPY,0.07587110999999999,B1,Tokyo Stock Exchange,Finanzen,
IE00BL25JP72,SG9999000020,FLEX LTD,Singapur,USD,0.07545809,Ba1,NASDAQ National Market System,Informationstechnologie,
IE00BL25JP72,ES0113679I37,BANKINTER SA,Spanien,EUR,0.07358255,Baa3,Mercado Continuo Espana,Finanzen,
IE00BL25JP72,DE0007037129,RWE AG,Deutschland,EUR,0.07339823,Baa1,XETRA,Versorgungsunternehmen,
IE00BL25JP72,AU000000TLS2,TELSTRA GROUP LTD,Australien,AUD,0.07338943,A2,Australian Stock Exchange,Kommunikationsdienste,
IE00BL25JP72,CA2908761018,EMERA INC,Kanada,CAD,0.07321664,Baa1,Toronto Stock Exchange,Versorgungsunternehmen,
IE00BL25JP72,CA0977518616,BOMBARDIER INC,Kanada,CAD,0.07306371,,Toronto Stock Exchange,Industrieunternehmen,
IE00BL25JP72,IL0006912120,ISRAEL DISCOUNT BANK LTD,Israel,ILS,0.07225619,,Tokyo Stock Exchange,Finanzen,
IE00BL25JP72,US45784P1012,INSULET CORP,Vereinigte Staaten von Amerika,USD,0.07213635,,NASDAQ National Market System,Gesundheitswesen,
IE00BL25JP72,JP3118000003,ASICS CORP,Japan,JPY,0.07069599,,Tokyo Stock Exchange,Nicht-BasiskonsumgÃ¼ter,
IE00BL25JP72,JP3762800005,NOMURA RESEARCH INSTITUTE LTD,Japan,JPY,0.06986393,,Tokyo Stock Exchange,Informationstechnologie,
IE00BL25JP72,CH0008038389,SWISS PRIME SITE AG,Schweiz,CHF,0.06953167,,Scoach Switzerland,Immobilien,
IE00BL25JP72,US30034W1062,EVERGY INC,Vereinigte Staaten von Amerika,USD,0.06950828,,New York Stock Exchange,Versorgungsunternehmen,
IE00BL25JP72,DK0010274414,DANSKE BANK A/S,DÃ¤nemark,DKK,0.06940486,Baa1,Copenhagen Stock Exchange,Finanzen,
IE00BL25JP72,GB00BMVP7Y09,ROYALTY PHARMA PLC,Vereinigte Staaten von Amerika,USD,0.06788261000000001,,NASDAQ National Market System,Gesundheitswesen,
IE00BL25JP72,US21873S1087,COREWEAVE INC,Vereinigte Staaten von Amerika,USD,0.06518362,,NASDAQ National Market System,Informationstechnologie,
IE00BL25JP72,CH0010570759,CHOCOLADEFABRIKEN LINDT & SPRUENGLI AG,Schweiz,CHF,0.06468258,,Scoach Switzerland,BasiskonsumgÃ¼ter,
IE00BL25JP72,GB00B2QPKJ12,FRESNILLO PLC,GroÃbritannien (UK),GBP,0.06448256,Baa2,London Stock Exchange,Material,
IE00BL25JP72,JP3573000001,TOKYO GAS LTD,Japan,JPY,0.06442077,Aa3,Tokyo Stock Exchange,Versorgungsunternehmen,
IE00BL25JP72,CA45075E1043,IA FINANCIAL INC,Kanada,CAD,0.06359943,,,Finanzen,
IE00BL25JP72,JP3976300008,RYOHIN KEIKAKU LTD,Japan,JPY,0.06269793,,Tokyo Stock Exchange,Nicht-BasiskonsumgÃ¼ter,
IE00BL25JP72,CA39138C1068,GREAT WEST LIFECO INC,Kanada,CAD,0.06220361,A1,Toronto Stock Exchange,Finanzen,
IE00BL25JP72,GB00B1WY2338,SMITHS GROUP PLC,GroÃbritannien (UK),GBP,0.06219747,Baa2,London Stock Exchange,Industrieunternehmen,
IE00BL25JP72,US4228061093,HEICO CORP,Vereinigte Staaten von Amerika,USD,0.06184183,,New York Stock Exchange,Industrieunternehmen,
IE00BL25JP72,IT0004810054,UNIPOL ASSICURAZIONI SPA,Italien,EUR,0.06178863,Ba2,Milan Stock Exchange,Finanzen,
IE00BL25JP72,US74624M1027,PURE STORAGE INC,Vereinigte Staaten von Amerika,USD,0.06096049,,New York Stock Exchange,Informationstechnologie,
IE00BL25JP72,HK0016000132,SUN HUNG KAI PROPERTIES LTD,Hong Kong,HKD,0.06071005,,,Immobilien,
IE00BL25JP72,JP3899600005,MITSUBISHI ESTATE LTD,Japan,JPY,0.06055133,,Tokyo Stock Exchange,Immobilien,
IE00BL25JP72,DE0006602006,GEA GROUP AG,Deutschland,EUR,0.060410149999999996,Baa3,XETRA,Industrieunternehmen,
IE00BL25JP72,FR0000121485,KERING SA,Frankreich,EUR,0.05957217,Baa2,Euronext Paris,Nicht-BasiskonsumgÃ¼ter,
IE00BL25JP72,JP3190000004,OBAYASHI CORP,Japan,JPY,0.05856358,,Tokyo Stock Exchange,Industrieunternehmen,
IE00BL25JP72,SG1U68934629,KEPPEL LTD,Singapur,SGD,0.058211530000000004,,,Industrieunternehmen,
IE00BL25JP72,CH0010570767,CHOCOLADEFABRIKEN LINDT & SPRUENGL,Schweiz,CHF,0.057258090000000005,,Scoach Switzerland,BasiskonsumgÃ¼ter,
IE00BL25JP72,KYG217651051,CK HUTCHISON HOLDINGS LTD,GroÃbritannien (UK),HKD,0.05626061,,,Industrieunternehmen,
IE00BL25JP72,US3364331070,FIRST SOLAR INC,Vereinigte Staaten von Amerika,USD,0.055420779999999996,,NASDAQ National Market System,Informationstechnologie,
IE00BL25JP72,IL0006954379,MIZRAHI TEFAHOT BANK LTD,Israel,ILS,0.05472326,,,Finanzen,
IE00BL25JP72,IT0003153415,SNAM,Italien,EUR,0.0543986,Baa1,Milan Stock Exchange,Versorgungsunternehmen,
IE00BL25JP72,DE000TLX1005,TALANX AG,Deutschland,EUR,0.053946400000000005,A3,XETRA,Finanzen,
IE00BL25JP72,BMG507361001,JARDINE MATHESON HOLDINGS LTD,Hong Kong,USD,0.052813990000000005,,,Industrieunternehmen,
IE00BL25JP72,JP3397200001,SUZUKI MOTOR CORP,Japan,JPY,0.05264918,,Tokyo Stock Exchange,Nicht-BasiskonsumgÃ¼ter,
IE00BL25JP72,JP3762600009,NOMURA HOLDINGS INC,Japan,JPY,0.05256392,Baa3,Tokyo Stock Exchange,Finanzen,
IE00BL25JP72,US98980G1022,ZSCALER INC,Vereinigte Staaten von Amerika,USD,0.052407699999999995,,NASDAQ National Market System,Informationstechnologie,
IE00BL25JP72,US2787681061,ECHOSTAR CORP,Vereinigte Staaten von Amerika,USD,0.052118450000000004,,NASDAQ National Market System,Kommunikationsdienste,
IE00BL25JP72,JP3783600004,EAST JAPAN RAILWAY,Japan,JPY,0.052008200000000004,Aa2,Tokyo Stock Exchange,Industrieunternehmen,
IE00BL25JP72,CA2861812014,ELEMENT FLEET MANAGEMENT CORP,Kanada,CAD,0.051799370000000004,B1,Toronto Stock Exchange,Industrieunternehmen,
IE00BL25JP72,ES0173516115,REPSOL SA,Spanien,EUR,0.05165463,Baa2,Mercado Continuo Espana,Energie,
IE00BL25JP72,US12541W2098,CH ROBINSON WORLDWIDE INC,Vereinigte Staaten von Amerika,USD,0.051602630000000003,,NASDAQ National Market System,Industrieunternehmen,
IE00BL25JP72,US35137L2043,FOX CORP,Vereinigte Staaten von Amerika,USD,0.05095432,,NASDAQ National Market System,Kommunikationsdienste,
IE00BL25JP72,JP3224200000,KAWASAKI HEAVY INDUSTRIES LTD,Japan,JPY,0.05061601,,Tokyo Stock Exchange,Industrieunternehmen,
IE00BL25JP72,JP3497400006,DAIFUKU CO LTD,Japan,JPY,0.05059294,,Tokyo Stock Exchange,Industrieunternehmen,
IE00BL25JP72,GB00B033F229,CENTRICA PLC,GroÃbritannien (UK),GBP,0.04862814,A3,London Stock Exchange,Versorgungsunternehmen,
IE00BL25JP72,JP3180400008,OSAKA GAS LTD,Japan,JPY,0.04829041,Aa3,Tokyo Stock Exchange,Versorgungsunternehmen,
IE00BL25JP72,US02156V1098,OKLO INC CLASS A,Vereinigte Staaten von Amerika,USD,0.047732619999999996,,,Versorgungsunternehmen,
IE00BL25JP72,NL0011872643,ASR NEDERLAND NV,Niederlande,EUR,0.04768845,,Euronext Amsterdam,Finanzen,
IE00BL25JP72,US46222L1089,IONQ INC,Vereinigte Staaten von Amerika,USD,0.04765395,,New York Stock Exchange,Informationstechnologie,
IE00BL25JP72,SE0005190238,TELE2 AB,Schweden,SEK,0.04734836,,Stockholm Stock Exchange,Kommunikationsdienste,
IE00BL25JP72,JP3566800003,CENTRAL JAPAN RAILWAY,Japan,JPY,0.04696805,Aa3,Tokyo Stock Exchange,Industrieunternehmen,
IE00BL25JP72,IT0003497168,TELECOM ITALIA,Italien,EUR,0.046632820000000005,Ba1,Milan Stock Exchange,Kommunikationsdienste,
IE00BL25JP72,JP3294460005,INPEX CORP,Japan,JPY,0.04660914,A2,Tokyo Stock Exchange,Energie,
IE00BL25JP72,JP3684000007,NITTO DENKO CORP,Japan,JPY,0.04632178,,Tokyo Stock Exchange,Material,
IE00BL25JP72,BMG4587L1090,HONGKONG LAND HOLDINGS LTD,Hong Kong,USD,0.04591695,,,Immobilien,
IE00BL25JP72,AU000000PME8,PRO MEDICUS LTD,Australien,AUD,0.04562264,,,Gesundheitswesen,
IE00BL25JP72,IE00BD1RP616,BANK OF IRELAND GROUP PLC,Irland,EUR,0.04548617,,,Finanzen,
IE00BL25JP72,AU000000MPL3,MEDIBANK PRIVATE LTD,Australien,AUD,0.0449378,,Australian Stock Exchange,Finanzen,
IE00BL25JP72,CA85472N1096,STANTEC INC,Kanada,CAD,0.04466828,,Toronto Stock Exchange,Industrieunternehmen,
IE00BL25JP72,CA1247651088,CAE INC,Kanada,CAD,0.04384717,,Toronto Stock Exchange,Industrieunternehmen,
IE00BL25JP72,JP3400400002,SCSK CORP,Japan,JPY,0.04354753,,Tokyo Stock Exchange,Informationstechnologie,
IE00BL25JP72,FI0009014377,ORION CLASS B,Finnland,EUR,0.04309665,,Helsinki Stock Exchange,Gesundheitswesen,
IE00BL25JP72,FR0000120503,BOUYGUES SA,Frankreich,EUR,0.04267516,Baa1,Euronext Paris,Industrieunternehmen,
IE00BL25JP72,ES0177542018,INTERNATIONAL AIRLINES GROUP SA,GroÃbritannien (UK),EUR,0.042205360000000004,Ba2,London Stock Exchange,Industrieunternehmen,
IE00BL25JP72,JP3236330001,KIOXIA HOLDINGS CORP,Japan,JPY,0.042067549999999995,,,Informationstechnologie,
IE00BL25JP72,CA04764T1049,ATKINSREALIS GROUP INC,Kanada,CAD,0.04176378,,,Industrieunternehmen,
IE00BL25JP72,GB0000456144,ANTOFAGASTA PLC,Chile,GBP,0.04102588,,London Stock Exchange,Material,
IE00BL25JP72,JP3386450005,ENEOS HOLDINGS INC,Japan,JPY,0.04072386,,Tokyo Stock Exchange,Energie,
IE00BL25JP72,US36118L1061,FUTU HOLDINGS LTD,Hong Kong,USD,0.04009661,,NASDAQ National Market System,Finanzen,
IE00BL25JP72,CH1101098163,BELIMO HOLDING AG,Schweiz,CHF,0.04000161,,,Industrieunternehmen,
IE00BL25JP72,JP3598600009,TOHO (TOKYO) LTD,Japan,JPY,0.03938522,,Tokyo Stock Exchange,Kommunikationsdienste,
IE00BL25JP72,IE00BYQNZ507,DEUTSCHE GLOBAL LIQUIDITY SERI,Irland,USD,0.03860221,,,unbekannt,
IE00BL25JP72,GB0004052071,HALMA PLC,GroÃbritannien (UK),GBP,0.0378387,,London Stock Exchange,Informationstechnologie,
IE00BL25JP72,CA5503721063,LUNDIN MINING CORP,Chile,CAD,0.037745310000000004,,Toronto Stock Exchange,Material,
IE00BL25JP72,JP3249600002,KYOCERA CORP,Japan,JPY,0.03769488,,Tokyo Stock Exchange,Informationstechnologie,
IE00BL25JP72,CH0025751329,LOGITECH INTERNATIONAL SA,Schweiz,CHF,0.03732902,,Scoach Switzerland,Informationstechnologie,
IE00BL25JP72,HK0011000095,HANG SENG BANK LTD,Hong Kong,HKD,0.03724583,,,Finanzen,
IE00BL25JP72,PTBCP0AM0015,BANCO COMERCIAL PORTUGUES SA,Portugal,EUR,0.03590749,,Euronext Lisbon,Finanzen,
IE00BL25JP72,DE000HAG0005,HENSOLDT AG,Deutschland,EUR,0.03384566,,,Industrieunternehmen,
IE00BL25JP72,US45337C1027,INCYTE CORP,Vereinigte Staaten von Amerika,USD,0.033339680000000003,,NASDAQ National Market System,Gesundheitswesen,
IE00BL25JP72,JP3379550001,JX ADVANCED METALS CORP,Japan,JPY,0.03309183,,Tokyo Stock Exchange,Material,
IE00BL25JP72,JP3979200007,LASERTEC CORP,Japan,JPY,0.0330139,,Tokyo Stock Exchange,Informationstechnologie,
IE00BL25JP72,JP3104890003,TIS INC,Japan,JPY,0.03234395,,Tokyo Stock Exchange,Informationstechnologie,
IE00BL25JP72,AU000000SGP0,STOCKLAND STAPLED UNITS LTD,Australien,AUD,0.03233792,A3,Australian Stock Exchange,Immobilien,
IE00BL25JP72,CA7751092007,ROGERS COMMUNICATIONS NON-VOTING I,Kanada,CAD,0.031523869999999996,Baa1,Toronto Stock Exchange,Kommunikationsdienste,
IE00BL25JP72,JP3166000004,EBARA CORP,Japan,JPY,0.03141155,,Tokyo Stock Exchange,Industrieunternehmen,
IE00BL25JP72,NL0014332678,JDE PEETS NV,Niederlande,EUR,0.03139806,,Euronext Amsterdam,BasiskonsumgÃ¼ter,
IE00BL25JP72,GB00BMJ6DW54,INFORMA PLC,GroÃbritannien (UK),GBP,0.03117266,,London Stock Exchange,Kommunikationsdienste,
IE00BL25JP72,JP3343200006,SANRIO LTD,Japan,JPY,0.03069929,,Tokyo Stock Exchange,Nicht-BasiskonsumgÃ¼ter,
IE00BL25JP72,NO0010582521,GJENSIDIGE FORSIKRING,Norwegen,NOK,0.03006516,A2,Oslo Stock Exchange,Finanzen,
IE00BL25JP72,JP3102000001,AISIN CORP,Japan,JPY,0.0298118,A1,Tokyo Stock Exchange,Nicht-BasiskonsumgÃ¼ter,
IE00BL25JP72,CA8911021050,TOROMONT INDUSTRIES LTD,Kanada,CAD,0.029412140000000003,,Toronto Stock Exchange,Industrieunternehmen,
IE00BL25JP72,GB0009223206,SMITH AND NEPHEW PLC,GroÃbritannien (UK),GBP,0.02938293,,London Stock Exchange,Gesundheitswesen,
IE00BL25JP72,FI0009014575,METSO CORPORATION,Finnland,EUR,0.02935745,,Helsinki Stock Exchange,Industrieunternehmen,
IE00BL25JP72,US00766T1007,AECOM,Vereinigte Staaten von Amerika,USD,0.02848635,,New York Stock Exchange,Industrieunternehmen,
IE00BL25JP72,GB00BGXQNP29,PHOENIX GROUP HOLDINGS PLC,GroÃbritannien (UK),GBP,0.0283946,,,Finanzen,
IE00BL25JP72,JP3869010003,MATSUKIYOKARA,Japan,JPY,0.028016430000000002,,Tokyo Stock Exchange,BasiskonsumgÃ¼ter,
IE00BL25JP72,IT0004776628,BANCA MEDIOLANUM,Italien,EUR,0.02777105,,Milan Stock Exchange,Finanzen,
IE00BL25JP72,JP3820000002,FUJI ELECTRIC LTD,Japan,JPY,0.02770653,,Tokyo Stock Exchange,Industrieunternehmen,
IE00BL25JP72,ES0125220311,ACCIONA SA,Spanien,EUR,0.02672363,,Mercado Continuo Espana,Versorgungsunternehmen,
IE00BL25JP72,NL0012866412,BE SEMICONDUCTOR INDUSTRIES NV,Niederlande,EUR,0.02345964,,Euronext Amsterdam,Informationstechnologie,
IE00BL25JP72,IL0010845571,NOVA LTD,Israel,ILS,0.02310963,,NASDAQ National Market System,Informationstechnologie,
IE00BL25JP72,GB00BL6K5J42,ENDEAVOUR MINING,GroÃbritannien (UK),GBP,0.023021569999999998,,,Material,
IE00BL25JP72,_CURRENCYEUR,EURO CURRENCY,,EUR,0.02289423,,,unbekannt,
IE00BL25JP72,JP3233250004,JAPAN POST INSURANCE CO LTD,Japan,JPY,0.02278641,,Tokyo Stock Exchange,Finanzen,
IE00BL25JP72,JP3783420007,HIKARI TSUSHIN INC,Japan,JPY,0.02275512,,Tokyo Stock Exchange,Industrieunternehmen,
IE00BL25JP72,DE0006070006,HOCHTIEF AG,Deutschland,EUR,0.022553570000000002,,XETRA,Industrieunternehmen,
IE00BL25JP72,AU000000QAN2,QANTAS AIRWAYS LTD,Australien,AUD,0.0220634,Ba2,Australian Stock Exchange,Industrieunternehmen,
IE00BL25JP72,AU000000LYC6,LYNAS RARE EARTHS LTD,Australien,AUD,0.02198814,,,Material,
IE00BL25JP72,FI0009013296,NESTE OYJ,Finnland,EUR,0.021307140000000002,,Helsinki Stock Exchange,Energie,
IE00BL25JP72,FI0009007132,FORTUM,Finnland,EUR,0.02023476,A2,Helsinki Stock Exchange,Versorgungsunternehmen,
IE00BL25JP72,CH0130293662,BKW N AG,Schweiz,CHF,0.01809592,,Scoach Switzerland,Versorgungsunternehmen,
IE00BL25JP72,CA6837151068,OPEN TEXT CORP,Kanada,CAD,0.01776345,Ba1,Toronto Stock Exchange,Informationstechnologie,
IE00BL25JP72,DE0005439004,CONTINENTAL AG,Deutschland,EUR,0.01736777,Baa3,XETRA,Nicht-BasiskonsumgÃ¼ter,
IE00BL25JP72,GB00BKFB1C65,M&G PLC,GroÃbritannien (UK),GBP,0.01716159,,,Finanzen,
IE00BL25JP72,JP3955000009,YOKOGAWA ELECTRIC CORP,Japan,JPY,0.01696845,,Tokyo Stock Exchange,Informationstechnologie,
IE00BL25JP72,JP3417200007,SEIBU HOLDINGS INC,Japan,JPY,0.01671688,,Tokyo Stock Exchange,Industrieunternehmen,
IE00BL25JP72,AT0000606306,RAIFFEISEN BANK INTERNATIONAL AG,Ãsterreich,EUR,0.015450789999999999,A2,Vienna Stock Exchange,Finanzen,
IE00BL25JP72,CA8029121057,SAPUTO INC,Kanada,CAD,0.015294120000000001,B1,Toronto Stock Exchange,BasiskonsumgÃ¼ter,
IE00BL25JP72,SG1U76934819,YANGZIJIANG SHIPBUILDING (HOLDINGS,China,SGD,0.01457291,,,Industrieunternehmen,
IE00BL25JP72,JP3494600004,SCREEN HOLDINGS LTD,Japan,JPY,0.01419084,,Tokyo Stock Exchange,Informationstechnologie,
IE00BL25JP72,BE0003823409,FINANCIERE DE TUBIZE SA,Belgien,EUR,0.01231076,,Euronext Brussels,Gesundheitswesen,
IE00BL25JP72,CA11285B1085,CA11285B1085,Kanada,CAD,0.012138389999999999,,,Versorgungsunternehmen,
IE00BL25JP72,ES0124244E34,MAPFRE SA,Spanien,EUR,0.01093811,Baa1,Mercado Continuo Espana,Finanzen,
IE00BL25JP72,_CURRENCYHKD,HONG KONG DOLLAR,Hong Kong,HKD,0.00930699,,,unbekannt,
IE00BL25JP72,_CURRENCYJPY,JAPANESE YEN,Japan,JPY,0.008572419999999999,,,unbekannt,
IE00BL25JP72,CA4495861060,IGM FINANCIAL INC,Kanada,CAD,0.007529349999999999,A1,Toronto Stock Exchange,Finanzen,
IE00BL25JP72,_CURRENCYILS,NEW ISRAELI SHEQEL,Israel,ILS,0.00649547,,,unbekannt,
IE00BL25JP72,_CURRENCYCAD,CANADIAN DOLLAR,Kanada,CAD,0.00538497,,,unbekannt,
IE00BL25JP72,_CURRENCYNZD,NEW ZEALAND DOLLAR,Neuseeland,NZD,0.00524593,,,unbekannt,
IE00BL25JP72,_CURRENCYCHF,SWISS FRANC,Schweiz,CHF,0.0051645,,,unbekannt,
IE00BL25JP72,_CURRENCYAUD,AUSTRALIAN DOLLAR,Australien,AUD,0.0050962099999999995,,,unbekannt,
IE00BL25JP72,_CURRENCYDKK,DANISH KRONE,DÃ¤nemark,DKK,0.00500811,,,unbekannt,
IE00BL25JP72,_CURRENCYGBP,POUND STERLING,GroÃbritannien (UK),GBP,0.00500561,,,unbekannt,
IE00BL25JP72,_CURRENCYSGD,SINGAPORE DOLLAR,Singapur,SGD,0.00500237,,,unbekannt,
IE00BL25JP72,_CURRENCYSEK,SWEDISH KRONA,Schweden,SEK,0.00375537,,,unbekannt,
IE00BL25JP72,_CURRENCYNOK,NORWEGIAN KRONE,Norwegen,NOK,0.0017068300000000001,,,unbekannt,
IE00BL25JP72,___ADI2VCCK1,MSCI WORLD INDEX  MAR26,Deutschland,USD,0.0,,,unbekannt,
IE00BL25JP72,CA21037X1345,CONSTELLATION SOFTWARE INC,Kanada,CAD,0.0,,,unbekannt,
IE00BL25JP72,___ADI2TZ6X2,NASDAQ 100 E-MINI DEC25,Vereinigte Staaten von Amerika,USD,0.0,,,unbekannt,
